INSERT [dbo].[AspNetRoles] ([Id], [Name], [NormalizedName], [ConcurrencyStamp]) VALUES (N'074d2429-b5c9-4fa1-b17d-13650ecaf353', N'hr', N'hr', N'727259b0-faae-45da-badd-4eece295709c')
GO
INSERT [dbo].[AspNetUsers] ([Id], [UserName], [NormalizedUserName], [Email], [NormalizedEmail], [EmailConfirmed], [PasswordHash], [SecurityStamp], [ConcurrencyStamp], [PhoneNumber], [PhoneNumberConfirmed], [TwoFactorEnabled], [LockoutEnd], [LockoutEnabled], [AccessFailedCount]) VALUES (N'124473a3-33b7-41e9-bc3f-dd927e62db58', N'hr@office.com', N'HR@OFFICE.COM', N'hr@office.com', N'HR@OFFICE.COM', 0, N'AQAAAAEAACcQAAAAEBGl/uquRnhQriX4VG6sg+b/FnDrjAvR3ObMjJamcH/MKeA9y3BXTqlmeh0NAXzO+A==', N'ZQWN4PQYF6XWIJFK7YQWJRDAY5TBICW4', N'56375020-b811-4761-a21a-dff28920510d', NULL, 0, 0, NULL, 1, 0)
GO
INSERT [dbo].[AspNetUsers] ([Id], [UserName], [NormalizedUserName], [Email], [NormalizedEmail], [EmailConfirmed], [PasswordHash], [SecurityStamp], [ConcurrencyStamp], [PhoneNumber], [PhoneNumberConfirmed], [TwoFactorEnabled], [LockoutEnd], [LockoutEnabled], [AccessFailedCount]) VALUES (N'18e9fffc-56f1-454d-acc8-1a851eb6812f', N'E008@office.com', N'E008@OFFICE.COM', N'E008@office.com', N'E008@OFFICE.COM', 1, N'AQAAAAEAACcQAAAAEF9aWxzadj7s7GkwcAeU7Bsb3c270atAm+26Oiidfe3oOEWTM3CPEaJP/3tVqxnrLA==', N'OL2GJQKA4CEY7UYVONTPRGQHHXYIPSEL', N'72bfd1cd-4ca4-4d34-b2e2-8dcb5130dabc', NULL, 0, 0, NULL, 1, 0)
GO
INSERT [dbo].[AspNetUsers] ([Id], [UserName], [NormalizedUserName], [Email], [NormalizedEmail], [EmailConfirmed], [PasswordHash], [SecurityStamp], [ConcurrencyStamp], [PhoneNumber], [PhoneNumberConfirmed], [TwoFactorEnabled], [LockoutEnd], [LockoutEnabled], [AccessFailedCount]) VALUES (N'85769b9f-7e8f-4704-ae28-b567362ec70a', N'E007@office.com', N'E007@OFFICE.COM', N'E007@office.com', N'E007@OFFICE.COM', 1, N'AQAAAAEAACcQAAAAEP/gEitAq8J+0Slk9ENfwgIYV21G8RNvjAEicvCEHKIqhe8/mCj6N5rdEnU0Jy26Eg==', N'GBIXZLOQPHLHOOPULXL445NGBYSMP7RV', N'53809234-02af-400f-a6ed-451f6bf54765', NULL, 0, 0, NULL, 1, 0)
GO
INSERT [dbo].[AspNetUsers] ([Id], [UserName], [NormalizedUserName], [Email], [NormalizedEmail], [EmailConfirmed], [PasswordHash], [SecurityStamp], [ConcurrencyStamp], [PhoneNumber], [PhoneNumberConfirmed], [TwoFactorEnabled], [LockoutEnd], [LockoutEnabled], [AccessFailedCount]) VALUES (N'8ca4c34d-2cfa-444a-a68a-939faa1f70bd', N'E005@office.com', N'E005@OFFICE.COM', N'E005@office.com', N'E005@OFFICE.COM', 1, N'AQAAAAEAACcQAAAAEOenHDhgyBXdPIbA+VR+ByU6IPalggmgo5WOND4B36ytt1Tt7MYmkK60gYZdOBvHXg==', N'G4JY472SQWMMRTHIHKXSENAKBKHMSY7H', N'd43297f1-8eac-4f61-aff6-d74bd5f8eef3', NULL, 0, 0, NULL, 1, 0)
GO
INSERT [dbo].[AspNetUsers] ([Id], [UserName], [NormalizedUserName], [Email], [NormalizedEmail], [EmailConfirmed], [PasswordHash], [SecurityStamp], [ConcurrencyStamp], [PhoneNumber], [PhoneNumberConfirmed], [TwoFactorEnabled], [LockoutEnd], [LockoutEnabled], [AccessFailedCount]) VALUES (N'ba96ccbf-eb2b-4f40-b404-43bdaea9290d', N'E002@office.com', N'E002@OFFICE.COM', N'E002@office.com', N'E002@OFFICE.COM', 1, N'AQAAAAEAACcQAAAAEMgOZC5RumeokssacPKLAfkmhMU12Vev2EnzRKrEK+pDlnamd8XQn7WW+4tVPKx4Aw==', N'QRXADP4CWEQ6IU36LC7RXYDOZK6UHEKN', N'1402a553-d73a-479d-8370-244d7ebf5bc3', NULL, 0, 0, NULL, 1, 0)
GO
INSERT [dbo].[AspNetUsers] ([Id], [UserName], [NormalizedUserName], [Email], [NormalizedEmail], [EmailConfirmed], [PasswordHash], [SecurityStamp], [ConcurrencyStamp], [PhoneNumber], [PhoneNumberConfirmed], [TwoFactorEnabled], [LockoutEnd], [LockoutEnabled], [AccessFailedCount]) VALUES (N'c15044c9-498d-44e0-bd86-8b31b9485e42', N'E001@office.com', N'E001@OFFICE.COM', N'E001@office.com', N'E001@OFFICE.COM', 1, N'AQAAAAEAACcQAAAAEJNa50lgFFxG2NyJ0qS1sm7TBQJMTIBw29yV35JKqxhq9z7jNKOMrP564BhXyaZA3g==', N'OFZ7OX2CHEOMSWGMJ2AWAUEDWQGKJW5V', N'f2399f11-a8d7-4205-8b29-b452cc04cf6d', NULL, 0, 0, NULL, 1, 0)
GO
INSERT [dbo].[AspNetUsers] ([Id], [UserName], [NormalizedUserName], [Email], [NormalizedEmail], [EmailConfirmed], [PasswordHash], [SecurityStamp], [ConcurrencyStamp], [PhoneNumber], [PhoneNumberConfirmed], [TwoFactorEnabled], [LockoutEnd], [LockoutEnabled], [AccessFailedCount]) VALUES (N'c233f86c-3c8b-400e-bbee-9f033d457893', N'hra@office.com', N'HRA@OFFICE.COM', N'hra@office.com', N'HRA@OFFICE.COM', 1, N'AQAAAAEAACcQAAAAENULWEKNvWBIVKOyUhRXlry5/dISqSvRWl8WLR1DvaaAfvQ47HKNzqvDcVl25TN8gQ==', N'PEEIWVNABRKGL5W2AXGKHT7SBITC75DL', N'e665ede2-be23-4bbc-b65d-d1f6937eaf3f', NULL, 0, 0, NULL, 1, 0)
GO
INSERT [dbo].[AspNetUsers] ([Id], [UserName], [NormalizedUserName], [Email], [NormalizedEmail], [EmailConfirmed], [PasswordHash], [SecurityStamp], [ConcurrencyStamp], [PhoneNumber], [PhoneNumberConfirmed], [TwoFactorEnabled], [LockoutEnd], [LockoutEnabled], [AccessFailedCount]) VALUES (N'c3a95cac-ffa9-4483-af64-f6c618b8ed9e', N'E006@office.com', N'E006@OFFICE.COM', N'E006@office.com', N'E006@OFFICE.COM', 1, N'AQAAAAEAACcQAAAAEDmuJHBjncGjfUODYBEjKSb/+Jxo/zlCpDwdBqO8fUfuQZ/kUuoTK+QztKXQ+uM3sg==', N'OUTQV7Q5QA2KNH2R3ZTKMHJUWFYVEDBR', N'c85cb6e2-93ac-49be-890c-5b92ea265640', NULL, 0, 0, NULL, 1, 0)
GO
INSERT [dbo].[AspNetUsers] ([Id], [UserName], [NormalizedUserName], [Email], [NormalizedEmail], [EmailConfirmed], [PasswordHash], [SecurityStamp], [ConcurrencyStamp], [PhoneNumber], [PhoneNumberConfirmed], [TwoFactorEnabled], [LockoutEnd], [LockoutEnabled], [AccessFailedCount]) VALUES (N'e6f702e2-d092-46c4-971d-353f8348646d', N'E003@office.com', N'E003@OFFICE.COM', N'E003@office.com', N'E003@OFFICE.COM', 1, N'AQAAAAEAACcQAAAAEJmw4iO0sBccqfa5RaoIkbt1D4rigIt3Q0KpMlLBVs9FbVx73TE2MD15puxjkLTF5Q==', N'GW2BDSIRJJDI2XSUGLWCIAXKEKRGGPVC', N'2f814318-544b-4145-92ec-ab191025dad4', NULL, 0, 0, NULL, 1, 0)
GO
INSERT [dbo].[AspNetUsers] ([Id], [UserName], [NormalizedUserName], [Email], [NormalizedEmail], [EmailConfirmed], [PasswordHash], [SecurityStamp], [ConcurrencyStamp], [PhoneNumber], [PhoneNumberConfirmed], [TwoFactorEnabled], [LockoutEnd], [LockoutEnabled], [AccessFailedCount]) VALUES (N'f78c2811-4202-4445-9c48-966d452f17fe', N'E004@office.com', N'E004@OFFICE.COM', N'E004@office.com', N'E004@OFFICE.COM', 1, N'AQAAAAEAACcQAAAAEMl+4eTc4HF14sjbzziarisOB6StPlG82gitqhjikPfFjOt66ME2E8Zd9LC5Fuln3A==', N'MTZ2O4H5G5LVLE6X32ZGDR2SEEBBRDKI', N'672845eb-13fa-4de6-a368-c288dc5f358c', NULL, 0, 0, NULL, 1, 0)
GO
INSERT [dbo].[AspNetUserRoles] ([UserId], [RoleId]) VALUES (N'c233f86c-3c8b-400e-bbee-9f033d457893', N'074d2429-b5c9-4fa1-b17d-13650ecaf353')
GO
SET IDENTITY_INSERT [dbo].[Departments] ON 
GO
INSERT [dbo].[Departments] ([DepartmentID], [DepartmentName]) VALUES (1, N'Business Development')
GO
INSERT [dbo].[Departments] ([DepartmentID], [DepartmentName]) VALUES (2, N'Sales & Marketing')
GO
INSERT [dbo].[Departments] ([DepartmentID], [DepartmentName]) VALUES (3, N'Development')
GO
INSERT [dbo].[Departments] ([DepartmentID], [DepartmentName]) VALUES (4, N'Test Team')
GO
INSERT [dbo].[Departments] ([DepartmentID], [DepartmentName]) VALUES (5, N'Architecture')
GO
INSERT [dbo].[Departments] ([DepartmentID], [DepartmentName]) VALUES (6, N'Operations')
GO
INSERT [dbo].[Departments] ([DepartmentID], [DepartmentName]) VALUES (7, N'Customer Support')
GO
SET IDENTITY_INSERT [dbo].[Departments] OFF
GO
SET IDENTITY_INSERT [dbo].[Posts] ON 
GO
INSERT [dbo].[Posts] ([PostID], [PostName], [Salary]) VALUES (1, N'Hardware Technician', 5600)
GO
INSERT [dbo].[Posts] ([PostID], [PostName], [Salary]) VALUES (2, N'Help Desk Analyst', 6000)
GO
INSERT [dbo].[Posts] ([PostID], [PostName], [Salary]) VALUES (3, N'Network Administrator', 7500)
GO
INSERT [dbo].[Posts] ([PostID], [PostName], [Salary]) VALUES (4, N'Business Analyst', 8000)
GO
INSERT [dbo].[Posts] ([PostID], [PostName], [Salary]) VALUES (5, N'IT Project Manager', 12000)
GO
INSERT [dbo].[Posts] ([PostID], [PostName], [Salary]) VALUES (6, N'Software Developer', 8500)
GO
INSERT [dbo].[Posts] ([PostID], [PostName], [Salary]) VALUES (7, N'Senior Software Developer', 10000)
GO
SET IDENTITY_INSERT [dbo].[Posts] OFF
GO
SET IDENTITY_INSERT [dbo].[Employees] ON 
GO
INSERT [dbo].[Employees] ([EmployeeID], [EmployeeName], [ExtName], [UserName], [BasicSalary], [JoiningDate], [DepartmentID], [PostID]) VALUES (1, N'Norma R White', N'.PNG', N'E001@office.com', 8500, CAST(N'2016-06-13T23:07:00.0000000' AS DateTime2), 3, 6)
GO
INSERT [dbo].[Employees] ([EmployeeID], [EmployeeName], [ExtName], [UserName], [BasicSalary], [JoiningDate], [DepartmentID], [PostID]) VALUES (2, N'Michael J Kress', N'.PNG', N'E002@office.com', 6000, CAST(N'2018-05-14T23:08:00.0000000' AS DateTime2), 2, 2)
GO
INSERT [dbo].[Employees] ([EmployeeID], [EmployeeName], [ExtName], [UserName], [BasicSalary], [JoiningDate], [DepartmentID], [PostID]) VALUES (3, N'Carol S Noland', N'.PNG', N'E003@office.com', 12000, CAST(N'2016-06-13T23:09:00.0000000' AS DateTime2), 3, 5)
GO
INSERT [dbo].[Employees] ([EmployeeID], [EmployeeName], [ExtName], [UserName], [BasicSalary], [JoiningDate], [DepartmentID], [PostID]) VALUES (4, N'Richard A Lacy', N'.PNG', N'E004@office.com', 10000, CAST(N'2018-06-18T23:10:00.0000000' AS DateTime2), 3, 7)
GO
INSERT [dbo].[Employees] ([EmployeeID], [EmployeeName], [ExtName], [UserName], [BasicSalary], [JoiningDate], [DepartmentID], [PostID]) VALUES (5, N'Mitzi S King', N'.PNG', N'E005@office.com', 8000, CAST(N'2020-02-10T23:10:00.0000000' AS DateTime2), 1, 4)
GO
INSERT [dbo].[Employees] ([EmployeeID], [EmployeeName], [ExtName], [UserName], [BasicSalary], [JoiningDate], [DepartmentID], [PostID]) VALUES (6, N'Doris C King', N'.PNG', N'E006@office.com', 7500, CAST(N'2018-11-12T23:10:00.0000000' AS DateTime2), 3, 3)
GO
INSERT [dbo].[Employees] ([EmployeeID], [EmployeeName], [ExtName], [UserName], [BasicSalary], [JoiningDate], [DepartmentID], [PostID]) VALUES (7, N'Minnie W Muse', N'.PNG', N'E007@office.com', 6000, CAST(N'2019-06-10T23:11:00.0000000' AS DateTime2), 1, 2)
GO
INSERT [dbo].[Employees] ([EmployeeID], [EmployeeName], [ExtName], [UserName], [BasicSalary], [JoiningDate], [DepartmentID], [PostID]) VALUES (8, N'Marjorie R Soto', N'.PNG', N'E008@office.com', 5600, CAST(N'2018-12-17T23:11:00.0000000' AS DateTime2), 3, 1)
GO
SET IDENTITY_INSERT [dbo].[Employees] OFF
GO
SET IDENTITY_INSERT [dbo].[Salaries] ON 
GO
INSERT [dbo].[Salaries] ([SalaryID], [SalaryMonth], [SalaryYear], [TotalSalary], [EmployeeID]) VALUES (3, N'January', 2021, 13557.5, 1)
GO
INSERT [dbo].[Salaries] ([SalaryID], [SalaryMonth], [SalaryYear], [TotalSalary], [EmployeeID]) VALUES (4, N'January', 2021, 9570, 2)
GO
INSERT [dbo].[Salaries] ([SalaryID], [SalaryMonth], [SalaryYear], [TotalSalary], [EmployeeID]) VALUES (5, N'January', 2021, 19140, 3)
GO
INSERT [dbo].[Salaries] ([SalaryID], [SalaryMonth], [SalaryYear], [TotalSalary], [EmployeeID]) VALUES (6, N'January', 2021, 15950, 4)
GO
INSERT [dbo].[Salaries] ([SalaryID], [SalaryMonth], [SalaryYear], [TotalSalary], [EmployeeID]) VALUES (7, N'January', 2021, 12760, 5)
GO
INSERT [dbo].[Salaries] ([SalaryID], [SalaryMonth], [SalaryYear], [TotalSalary], [EmployeeID]) VALUES (8, N'January', 2021, 11962.5, 6)
GO
INSERT [dbo].[Salaries] ([SalaryID], [SalaryMonth], [SalaryYear], [TotalSalary], [EmployeeID]) VALUES (9, N'January', 2021, 9570, 7)
GO
INSERT [dbo].[Salaries] ([SalaryID], [SalaryMonth], [SalaryYear], [TotalSalary], [EmployeeID]) VALUES (10, N'January', 2021, 8932, 8)
GO
SET IDENTITY_INSERT [dbo].[Salaries] OFF
GO
SET IDENTITY_INSERT [dbo].[SalaryDetails] ON 
GO
INSERT [dbo].[SalaryDetails] ([DetailsID], [AllowanceName], [Amount], [SalaryID]) VALUES (3, N'Basic Salary', 8500, 3)
GO
INSERT [dbo].[SalaryDetails] ([DetailsID], [AllowanceName], [Amount], [SalaryID]) VALUES (4, N'Dearness Allowance', 1275, 3)
GO
INSERT [dbo].[SalaryDetails] ([DetailsID], [AllowanceName], [Amount], [SalaryID]) VALUES (5, N'House Rent Allowance', 2252.5, 3)
GO
INSERT [dbo].[SalaryDetails] ([DetailsID], [AllowanceName], [Amount], [SalaryID]) VALUES (6, N'Entertainment Allowance', 467.5, 3)
GO
INSERT [dbo].[SalaryDetails] ([DetailsID], [AllowanceName], [Amount], [SalaryID]) VALUES (7, N'Provident Fund', 1062.5, 3)
GO
INSERT [dbo].[SalaryDetails] ([DetailsID], [AllowanceName], [Amount], [SalaryID]) VALUES (8, N'Basic Salary', 6000, 4)
GO
INSERT [dbo].[SalaryDetails] ([DetailsID], [AllowanceName], [Amount], [SalaryID]) VALUES (9, N'Dearness Allowance', 900, 4)
GO
INSERT [dbo].[SalaryDetails] ([DetailsID], [AllowanceName], [Amount], [SalaryID]) VALUES (10, N'House Rent Allowance', 1590, 4)
GO
INSERT [dbo].[SalaryDetails] ([DetailsID], [AllowanceName], [Amount], [SalaryID]) VALUES (11, N'Entertainment Allowance', 330, 4)
GO
INSERT [dbo].[SalaryDetails] ([DetailsID], [AllowanceName], [Amount], [SalaryID]) VALUES (12, N'Provident Fund', 750, 4)
GO
INSERT [dbo].[SalaryDetails] ([DetailsID], [AllowanceName], [Amount], [SalaryID]) VALUES (13, N'Basic Salary', 12000, 5)
GO
INSERT [dbo].[SalaryDetails] ([DetailsID], [AllowanceName], [Amount], [SalaryID]) VALUES (14, N'Dearness Allowance', 1800, 5)
GO
INSERT [dbo].[SalaryDetails] ([DetailsID], [AllowanceName], [Amount], [SalaryID]) VALUES (15, N'House Rent Allowance', 3180, 5)
GO
INSERT [dbo].[SalaryDetails] ([DetailsID], [AllowanceName], [Amount], [SalaryID]) VALUES (16, N'Entertainment Allowance', 660, 5)
GO
INSERT [dbo].[SalaryDetails] ([DetailsID], [AllowanceName], [Amount], [SalaryID]) VALUES (17, N'Provident Fund', 1500, 5)
GO
INSERT [dbo].[SalaryDetails] ([DetailsID], [AllowanceName], [Amount], [SalaryID]) VALUES (18, N'Basic Salary', 10000, 6)
GO
INSERT [dbo].[SalaryDetails] ([DetailsID], [AllowanceName], [Amount], [SalaryID]) VALUES (19, N'Dearness Allowance', 1500, 6)
GO
INSERT [dbo].[SalaryDetails] ([DetailsID], [AllowanceName], [Amount], [SalaryID]) VALUES (20, N'House Rent Allowance', 2650, 6)
GO
INSERT [dbo].[SalaryDetails] ([DetailsID], [AllowanceName], [Amount], [SalaryID]) VALUES (21, N'Entertainment Allowance', 550, 6)
GO
INSERT [dbo].[SalaryDetails] ([DetailsID], [AllowanceName], [Amount], [SalaryID]) VALUES (22, N'Provident Fund', 1250, 6)
GO
INSERT [dbo].[SalaryDetails] ([DetailsID], [AllowanceName], [Amount], [SalaryID]) VALUES (23, N'Basic Salary', 8000, 7)
GO
INSERT [dbo].[SalaryDetails] ([DetailsID], [AllowanceName], [Amount], [SalaryID]) VALUES (24, N'Dearness Allowance', 1200, 7)
GO
INSERT [dbo].[SalaryDetails] ([DetailsID], [AllowanceName], [Amount], [SalaryID]) VALUES (25, N'House Rent Allowance', 2120, 7)
GO
INSERT [dbo].[SalaryDetails] ([DetailsID], [AllowanceName], [Amount], [SalaryID]) VALUES (26, N'Entertainment Allowance', 440, 7)
GO
INSERT [dbo].[SalaryDetails] ([DetailsID], [AllowanceName], [Amount], [SalaryID]) VALUES (27, N'Provident Fund', 1000, 7)
GO
INSERT [dbo].[SalaryDetails] ([DetailsID], [AllowanceName], [Amount], [SalaryID]) VALUES (28, N'Basic Salary', 7500, 8)
GO
INSERT [dbo].[SalaryDetails] ([DetailsID], [AllowanceName], [Amount], [SalaryID]) VALUES (29, N'Dearness Allowance', 1125, 8)
GO
INSERT [dbo].[SalaryDetails] ([DetailsID], [AllowanceName], [Amount], [SalaryID]) VALUES (30, N'House Rent Allowance', 1987.5, 8)
GO
INSERT [dbo].[SalaryDetails] ([DetailsID], [AllowanceName], [Amount], [SalaryID]) VALUES (31, N'Entertainment Allowance', 412.5, 8)
GO
INSERT [dbo].[SalaryDetails] ([DetailsID], [AllowanceName], [Amount], [SalaryID]) VALUES (32, N'Provident Fund', 937.5, 8)
GO
INSERT [dbo].[SalaryDetails] ([DetailsID], [AllowanceName], [Amount], [SalaryID]) VALUES (33, N'Basic Salary', 6000, 9)
GO
INSERT [dbo].[SalaryDetails] ([DetailsID], [AllowanceName], [Amount], [SalaryID]) VALUES (34, N'Dearness Allowance', 900, 9)
GO
INSERT [dbo].[SalaryDetails] ([DetailsID], [AllowanceName], [Amount], [SalaryID]) VALUES (35, N'House Rent Allowance', 1590, 9)
GO
INSERT [dbo].[SalaryDetails] ([DetailsID], [AllowanceName], [Amount], [SalaryID]) VALUES (36, N'Entertainment Allowance', 330, 9)
GO
INSERT [dbo].[SalaryDetails] ([DetailsID], [AllowanceName], [Amount], [SalaryID]) VALUES (37, N'Provident Fund', 750, 9)
GO
INSERT [dbo].[SalaryDetails] ([DetailsID], [AllowanceName], [Amount], [SalaryID]) VALUES (38, N'Basic Salary', 5600, 10)
GO
INSERT [dbo].[SalaryDetails] ([DetailsID], [AllowanceName], [Amount], [SalaryID]) VALUES (39, N'Dearness Allowance', 840, 10)
GO
INSERT [dbo].[SalaryDetails] ([DetailsID], [AllowanceName], [Amount], [SalaryID]) VALUES (40, N'House Rent Allowance', 1484, 10)
GO
INSERT [dbo].[SalaryDetails] ([DetailsID], [AllowanceName], [Amount], [SalaryID]) VALUES (41, N'Entertainment Allowance', 308, 10)
GO
INSERT [dbo].[SalaryDetails] ([DetailsID], [AllowanceName], [Amount], [SalaryID]) VALUES (42, N'Provident Fund', 700, 10)
GO
SET IDENTITY_INSERT [dbo].[SalaryDetails] OFF
GO
SET IDENTITY_INSERT [dbo].[Allowances] ON 
GO
INSERT [dbo].[Allowances] ([AllowanceID], [ShortName], [AllowanceName], [Percentage]) VALUES (1, N'DA', N'Dearness Allowance', 15)
GO
INSERT [dbo].[Allowances] ([AllowanceID], [ShortName], [AllowanceName], [Percentage]) VALUES (2, N'HRA', N'House Rent Allowance', 26.5)
GO
INSERT [dbo].[Allowances] ([AllowanceID], [ShortName], [AllowanceName], [Percentage]) VALUES (3, N'EA', N'Entertainment Allowance', 5.5)
GO
INSERT [dbo].[Allowances] ([AllowanceID], [ShortName], [AllowanceName], [Percentage]) VALUES (4, N'PF', N'Provident Fund', 12.5)
GO
SET IDENTITY_INSERT [dbo].[Allowances] OFF
GO
